keyword,theme
solar,Green Energy
renewable energy,Green Energy
wind,Green Energy
green hydrogen,Green Energy
battery,EV
electric vehicle,EV
ev,EV
ai,AI
artificial intelligence,AI
machine learning,AI
semiconductor,Semiconductor
chipmaker,Semiconductor
ai chipmakers,Semiconductor
chip,Semiconductor
datacentre,Digital Infrastructure
data centre,Digital Infrastructure
cloud computing,Digital Infrastructure
server,Digital Infrastructure
defence,Defence
missile,Defence
military,Defence
telecom,Telecom
5g,Telecom
broadband,Telecom
oil,Energy
brent,Energy
wti,Energy
crude oil,Energy
gold,Commodities
silver,Commodities
precious metals,Commodities
commodity,Commodities
ipo,Capital Markets
listing,Capital Markets
public offering,Capital Markets
rupee,Macro Economy
inflation,Macro Economy
interest rates,Macro Economy
capital flows,Macro Economy
healthcare,Pharma
pharma,Pharma
hospital,Pharma
it,Technology
software,Technology
technology,Technology
deep learning,AI
llm,AI
chatgpt,AI
gemini,AI
claude,AI
chipmakers,Semiconductor
wafer,Semiconductor
foundry,Semiconductor
nvidia,Semiconductor
amd,Semiconductor
intel,Semiconductor
aws,Digital Infrastructure
azure,Digital Infrastructure
google cloud,Digital Infrastructure
hyperscaler,Digital Infrastructure
electric car,EV
charging station,EV
charging infrastructure,EV
lithium battery,EV
energy storage,EV
solar module,Green Energy
solar panel,Green Energy
wind energy,Green Energy
wind turbine,Green Energy
defense,Defence
fighter jet,Defence
warship,Defence
army,Defence
navy,Defence
air force,Defence
drdo,Defence
6g,Telecom
fiber optic,Telecom
optical fiber,Telecom
telecom tower,Telecom
bank,Banking
banking,Banking
private bank,Banking
public sector bank,Banking
credit growth,Banking
loan growth,Banking
deposit growth,Banking
qip,Capital Markets
rights issue,Capital Markets
fund raising,Capital Markets
steel,Metals & Mining
aluminium,Metals & Mining
copper,Metals & Mining
iron ore,Metals & Mining
mining,Metals & Mining
zinc,Metals & Mining
natural gas,Energy
lng,Energy
diagnostics,Pharma
medical device,Pharma
pharmaceuticals,Pharma
drug,Pharma
generic drug,Pharma
api,Pharma
interest rate,Macro Economy
repo rate,Macro Economy
currency,Macro Economy
gdp,Macro Economy
fiscal deficit,Macro Economy
isro,Space Economy
spacex,Space Economy
satellite,Space Economy
launch vehicle,Space Economy
space technology,Space Economy
datacenter,Digital Infrastructure
cloud,Digital Infrastructure
drone,Defence
q1 results,Capital Markets
q2 results,Capital Markets
q3 results,Capital Markets
q4 results,Capital Markets
quarterly results,Capital Markets
annual results,Capital Markets
audited results,Capital Markets
unaudited results,Capital Markets
profit jumps,Capital Markets
net profit,Capital Markets
revenue growth,Capital Markets
earnings,Capital Markets
market cap,Capital Markets
mcap,Capital Markets
sme ipo,Capital Markets
share allotment,Capital Markets
f&o,Capital Markets
nse,Capital Markets
bse,Capital Markets
stocks to buy,Capital Markets
buy or sell,Capital Markets
multibagger,Capital Markets
small-cap stock,Capital Markets
target price,Capital Markets
brokerage,Capital Markets
rating upgraded,Capital Markets
moody's,Capital Markets
crisil,Capital Markets
icra,Capital Markets
foreign exchange,Macro Economy
forex,Macro Economy
rbi,Macro Economy
data centers,Digital Infrastructure
generative ai,AI
data center,Digital Infrastructure
drones,Defence
fintech,Capital Markets
digital payments,Banking
upi,Banking
nbfc,Banking
microfinance,Banking
satellites,Space Economy
ai infrastructure,AI
semiconductor manufacturing,Semiconductor
defense indigenization,Defence
space economy,Space Economy
semiconductors,Semiconductor
