keyword,suggested_theme
railway,Railways
railways,Railways
wagon,Railways
raw_keyword,standard_theme
locomotive,Railways
vande bharat,Railways
metro rail,Railways
rail vikas nigam,Railways
irfc,Railways
cybersecurity,Cybersecurity
robotics,Robotics
automation,Automation
gpu,GPU
edge computing,Edge Computing
quantum computing,Quantum Computing
internet of things,IoT
satellite internet,Satellite Internet
blockchain,Blockchain
web3,Web3
digital twin,Digital Twin
solid state battery,Solid State Battery
smart grid,Smart Grid
power transmission,Power Transmission
power distribution,Power Distribution
ev charging,EV Charging
battery swapping,Battery Swapping
autonomous vehicles,Autonomous Vehicles
connected vehicles,Connected Vehicles
rare earth,Rare Earth Supply Chain
electronics manufacturing,Electronics Manufacturing
contract manufacturing,Contract Manufacturing
industrial automation,Industrial Automation
precision engineering,Precision Engineering
3d printing,Additive Manufacturing
biotechnology,Biotechnology
gene therapy,Gene Therapy
vaccines,Vaccines
medical devices,Medical Devices
telemedicine,Telemedicine
healthcare it,Healthcare IT
insurtech,Insurtech
wealth management,Wealth Management
asset management,Asset Management
quick commerce,Quick Commerce
food processing,Food Processing
consumer durables,Consumer Durables
agritech,AgriTech
precision agriculture,Precision Agriculture
roads & highways,Roads & Highways
smart cities,Smart Cities
warehousing,Warehousing
ports,Ports
aerospace,Aerospace
ott,OTT
gaming,Gaming
esports,Esports
digital advertising,Digital Advertising
china plus one,China Plus One
make in india,Make in India
atmanirbhar bharat,Atmanirbhar Bharat
esg,ESG
decarbonization,Decarbonization
carbon credits,Carbon Credits
water management,Water Management
waste management,Waste Management
battery supply chain,Battery Supply Chain
ev supply chain,EV Supply Chain
logistics automation,Logistics Automation
nuclear power revival,Nuclear Power Revival
grid modernization,Grid Modernization
water infrastructure,Water Infrastructure
waste recycling,Waste Recycling
Nuclear Energy,Nuclear Energy
Geopolitical Tensions,Geopolitical Tensions
Stock Market Performance,Stock Market Performance
Financial Markets,Financial Markets
Economic Policy,Economic Policy
Foreign Investment,Foreign Investment
Legal disputes,Legal disputes
Telecommunications,Telecommunications
Government Initiatives,Government Initiatives
Data Centers,Data Centers
Technical Analysis,Technical Analysis
Government Disinvestment,Government Disinvestment
Stock Market,Stock Market
Investments,Investments
Dividends,Dividends
Financial Relief,Financial Relief
Legal Decision,Legal Decision
Gold prices,Gold prices
Inflation,Inflation
Middle East conflict,Middle East conflict
Interest rates,Interest rates
"Initial Public Offering (IPO), Fundraising","Initial Public Offering (IPO), Fundraising"
Government Divestment,Government Divestment
Investigations,Investigations
Initial Public Offering,Initial Public Offering
Commodity prices,Commodity prices
investment,investment
financial transaction,financial transaction
Railway Contracts,Railway Contracts
Investment Analysis,Investment Analysis
Stock Market Trends,Stock Market Trends
Government Share Sale,Government Share Sale
Aluminum Recycling,Aluminum Recycling
Green Initiatives,Green Initiatives
Initial Public Offering (IPO),Initial Public Offering (IPO)
Business Strategy,Business Strategy
Investment Returns,Investment Returns
"Initial Public Offering (IPO), Stock Market, Investment","Initial Public Offering (IPO), Stock Market, Investment"
Stock Dividends,Stock Dividends
Corporate Governance,Corporate Governance
Airline Industry,Airline Industry
Growth Strategies,Growth Strategies
Currency exchange rates,Currency exchange rates
Monetary policy,Monetary policy
Partnerships,Partnerships
Technology Development,Technology Development
Economic Strategy,Economic Strategy
Finance,Finance
Space Technology,Space Technology
Investment Trends,Investment Trends
Company Announcements,Company Announcements
AI investment,AI investment
valuation concerns,valuation concerns
global market trends,global market trends
Technology Investments,Technology Investments
Business Expansion,Business Expansion
"Initial Public Offering (IPO), Aluminium and Zinc Recycling, Stock Market Debut","Initial Public Offering (IPO), Aluminium and Zinc Recycling, Stock Market Debut"
Government Policy Impact,Government Policy Impact
Safety Equipment Demand,Safety Equipment Demand
Investment in Indian equities,Investment in Indian equities
Bearish market trends,Bearish market trends
Aviation Industry,Aviation Industry
Fuel Costs,Fuel Costs
IPO,IPO
Expansion and Funding,Expansion and Funding
Company Revival,Company Revival
Job Creation and Income Growth,Job Creation and Income Growth
Avoiding Middle-Income Trap,Avoiding Middle-Income Trap
Economic Growth and Development,Economic Growth and Development
Foreign Investment Challenges,Foreign Investment Challenges
Business Contracts,Business Contracts
Stock Market Debut,Stock Market Debut
Oncology,Oncology
Cancer Drugs,Cancer Drugs
Pharmaceuticals,Pharmaceuticals
Acquisition,Acquisition
economic conditions,economic conditions
investment strategy,investment strategy
investing opportunities,investing opportunities
market pressure,market pressure
Investment Opportunities,Investment Opportunities
economic data impact on interest rates,economic data impact on interest rates
Commodities Trading,Commodities Trading
Risk Management,Risk Management
Financial Regulation,Financial Regulation
Economic Indicators,Economic Indicators
Geopolitics and Markets,Geopolitics and Markets
Stock recommendations,Stock recommendations
Market trends,Market trends
Hospitality Industry,Hospitality Industry
Hotel Expansion,Hotel Expansion
Helmet Manufacturing,Helmet Manufacturing
Traffic Regulations,Traffic Regulations
"Corporate Social Responsibility (CSR), Financial Regulation, Investment in Social Impact Projects","Corporate Social Responsibility (CSR), Financial Regulation, Investment in Social Impact Projects"
economic durability,economic durability
private investment,private investment
energy prices impact,energy prices impact
easing geopolitical tensions,easing geopolitical tensions
stock market gains,stock market gains
Short Selling,Short Selling
Investing Psychology,Investing Psychology
Real Estate Lease,Real Estate Lease
Business Partnership,Business Partnership
structural shift,structural shift
Economic Growth,Economic Growth
Global Trade,Global Trade
Foreign investment in India,Foreign investment in India
Bond market expansion,Bond market expansion
Government policy for attracting foreign capital,Government policy for attracting foreign capital
Technology IPO Performance,Technology IPO Performance
Investment Decisions,Investment Decisions
Expansion of Smart Metering Platform,Expansion of Smart Metering Platform
Modernization of Power Distribution Sector,Modernization of Power Distribution Sector
Banking sector,Banking sector
Regulatory decisions,Regulatory decisions
Mergers and acquisitions,Mergers and acquisitions
market performance,market performance
Fundraising,Fundraising
Market Conditions,Market Conditions
Demand and supply,Demand and supply
Steel manufacturing,Steel manufacturing
Capital expenditure,Capital expenditure
Policy support,Policy support
Capacity expansion,Capacity expansion
Coal Market,Coal Market
Government Regulations,Government Regulations
Currency Management,Currency Management
Gold Market,Gold Market
Financial Analysis,Financial Analysis
Initial Public Offerings (IPOs),Initial Public Offerings (IPOs)
Stock Listing,Stock Listing
Company operations,Company operations
Compliance,Compliance
Financial Redemption,Financial Redemption
Government Bonds,Government Bonds
Gold Price,Gold Price
Rights Entitlements Trading,Rights Entitlements Trading
Company Equity Offering,Company Equity Offering
Construction,Construction
Business News,Business News
Debt Redemption,Debt Redemption
Financial Operations,Financial Operations
Debt Management,Debt Management
Corporate Actions,Corporate Actions
Equity Trading,Equity Trading
Share Buyback,Share Buyback
Stock Exchange Acquisition,Stock Exchange Acquisition
Dematerialisation,Dematerialisation
Listing of Equity Shares,Listing of Equity Shares
Special Pre-open Session,Special Pre-open Session
Company Name Change,Company Name Change
Stock Exchange Operations,Stock Exchange Operations
Debt Market,Debt Market
Securities Listing,Securities Listing
Private Placement,Private Placement
Commercial Paper,Commercial Paper
Financial regulations,Financial regulations
Stock market surveillance,Stock market surveillance
Margin requirements,Margin requirements
Listing Operations,Listing Operations
Debt,Debt
Stock Performance,Stock Performance
Indian stock market trends,Indian stock market trends
Geopolitical Events Impact on Markets,Geopolitical Events Impact on Markets
Valuation,Valuation
fuel price changes,fuel price changes
stock market movements,stock market movements
airline industry challenges,airline industry challenges
Expansion,Expansion
Debt Reduction,Debt Reduction
Geopolitical impact on financial markets,Geopolitical impact on financial markets
Cryptocurrency market fluctuations,Cryptocurrency market fluctuations
